Hash Function,Elapsed Time (seconds),size
AbseilHash,0.000056,256
AbseilHash,0.000054,256
AbseilHash,0.000054,256
AbseilHash,0.000054,256
AbseilHash,0.000054,256
AbseilHash,0.000054,256
AbseilHash,0.000054,256
AbseilHash,0.000054,256
AbseilHash,0.000054,256
AbseilHash,0.000054,256
STDHashSrc,0.000004,256
STDHashSrc,0.000004,256
STDHashSrc,0.000004,256
STDHashSrc,0.000004,256
STDHashSrc,0.000004,256
STDHashSrc,0.000004,256
STDHashSrc,0.000004,256
STDHashSrc,0.000004,256
STDHashSrc,0.000004,256
STDHashSrc,0.000004,256
FNVHash,0.000030,256
FNVHash,0.000030,256
FNVHash,0.000030,256
FNVHash,0.000030,256
FNVHash,0.000030,256
FNVHash,0.000030,256
FNVHash,0.000030,256
FNVHash,0.000030,256
FNVHash,0.000030,256
FNVHash,0.000030,256
CityHash,0.000003,256
CityHash,0.000002,256
CityHash,0.000002,256
CityHash,0.000002,256
CityHash,0.000002,256
CityHash,0.000002,256
CityHash,0.000002,256
CityHash,0.000002,256
CityHash,0.000002,256
CityHash,0.000002,256
Pext256INTS,0.000002,256
Pext256INTS,0.000002,256
Pext256INTS,0.000002,256
Pext256INTS,0.000002,256
Pext256INTS,0.000002,256
Pext256INTS,0.000002,256
Pext256INTS,0.000002,256
Pext256INTS,0.000002,256
Pext256INTS,0.000002,256
Pext256INTS,0.000002,256
