Hash Function,Elapsed Time (seconds)
AbseilHash,0.000008
AbseilHash,0.000008
AbseilHash,0.000008
AbseilHash,0.000008
AbseilHash,0.000008
AbseilHash,0.000008
AbseilHash,0.000008
AbseilHash,0.000008
AbseilHash,0.000008
AbseilHash,0.000008
STDHashSrc,0.000016
STDHashSrc,0.000018
STDHashSrc,0.000018
STDHashSrc,0.000018
STDHashSrc,0.000018
STDHashSrc,0.000018
STDHashSrc,0.000018
STDHashSrc,0.000020
STDHashSrc,0.000020
STDHashSrc,0.000020
FNVHash,0.000020
FNVHash,0.000020
FNVHash,0.000020
FNVHash,0.000020
FNVHash,0.000020
FNVHash,0.000020
FNVHash,0.000020
FNVHash,0.000020
FNVHash,0.000020
FNVHash,0.000020
CityHash,0.000008
CityHash,0.000008
CityHash,0.000008
CityHash,0.000008
CityHash,0.000008
CityHash,0.000008
CityHash,0.000008
CityHash,0.000008
CityHash,0.000008
CityHash,0.000008
PextIPV4,0.000004
PextIPV4,0.000004
PextIPV4,0.000004
PextIPV4,0.000004
PextIPV4,0.000004
PextIPV4,0.000004
PextIPV4,0.000004
PextIPV4,0.000004
PextIPV4,0.000004
PextIPV4,0.000004
OffXorIPV4,0.000004
OffXorIPV4,0.000004
OffXorIPV4,0.000004
OffXorIPV4,0.000004
OffXorIPV4,0.000004
OffXorIPV4,0.000004
OffXorIPV4,0.000004
OffXorIPV4,0.000004
OffXorIPV4,0.000004
OffXorIPV4,0.000004
NaiveIPV4,0.000004
NaiveIPV4,0.000004
NaiveIPV4,0.000004
NaiveIPV4,0.000004
NaiveIPV4,0.000004
NaiveIPV4,0.000004
NaiveIPV4,0.000004
NaiveIPV4,0.000004
NaiveIPV4,0.000004
NaiveIPV4,0.000004
AesIPV4,0.000015
AesIPV4,0.000014
AesIPV4,0.000014
AesIPV4,0.000014
AesIPV4,0.000014
AesIPV4,0.000014
AesIPV4,0.000014
AesIPV4,0.000014
AesIPV4,0.000014
AesIPV4,0.000014
GptIPV4,0.000010
GptIPV4,0.000010
GptIPV4,0.000010
GptIPV4,0.000010
GptIPV4,0.000010
GptIPV4,0.000010
GptIPV4,0.000010
GptIPV4,0.000017
GptIPV4,0.000010
GptIPV4,0.000029
GperfIPV4,0.000005
GperfIPV4,0.000005
GperfIPV4,0.000005
GperfIPV4,0.000005
GperfIPV4,0.000005
GperfIPV4,0.000005
GperfIPV4,0.000005
GperfIPV4,0.000005
GperfIPV4,0.000007
GperfIPV4,0.000005
