Hash Function,Elapsed Time (seconds)
AbseilHash,0.000041
AbseilHash,0.000038
AbseilHash,0.000038
AbseilHash,0.000038
AbseilHash,0.000038
AbseilHash,0.000038
AbseilHash,0.000038
AbseilHash,0.000038
AbseilHash,0.000038
AbseilHash,0.000038
STDHashSrc,0.000082
STDHashSrc,0.000088
STDHashSrc,0.000088
STDHashSrc,0.000088
STDHashSrc,0.000100
STDHashSrc,0.000110
STDHashSrc,0.000110
STDHashSrc,0.000110
STDHashSrc,0.000110
STDHashSrc,0.000100
FNVHash,0.000101
FNVHash,0.000101
FNVHash,0.000100
FNVHash,0.000100
FNVHash,0.000101
FNVHash,0.000100
FNVHash,0.000101
FNVHash,0.000100
FNVHash,0.000100
FNVHash,0.000100
CityHash,0.000038
CityHash,0.000038
CityHash,0.000061
CityHash,0.000045
CityHash,0.000045
CityHash,0.000045
CityHash,0.000056
CityHash,0.000056
CityHash,0.000045
CityHash,0.000045
PextIPV4,0.000024
PextIPV4,0.000024
PextIPV4,0.000024
PextIPV4,0.000024
PextIPV4,0.000024
PextIPV4,0.000024
PextIPV4,0.000024
PextIPV4,0.000024
PextIPV4,0.000024
PextIPV4,0.000024
OffXorIPV4,0.000022
OffXorIPV4,0.000022
OffXorIPV4,0.000022
OffXorIPV4,0.000022
OffXorIPV4,0.000022
OffXorIPV4,0.000022
OffXorIPV4,0.000022
OffXorIPV4,0.000022
OffXorIPV4,0.000022
OffXorIPV4,0.000022
NaiveIPV4,0.000030
NaiveIPV4,0.000022
NaiveIPV4,0.000022
NaiveIPV4,0.000022
NaiveIPV4,0.000022
NaiveIPV4,0.000022
NaiveIPV4,0.000022
NaiveIPV4,0.000022
NaiveIPV4,0.000022
NaiveIPV4,0.000022
AesIPV4,0.000086
AesIPV4,0.000099
AesIPV4,0.000072
AesIPV4,0.000072
AesIPV4,0.000072
AesIPV4,0.000072
AesIPV4,0.000072
AesIPV4,0.000072
AesIPV4,0.000072
AesIPV4,0.000072
GptIPV4,0.000050
GptIPV4,0.000050
GptIPV4,0.000050
GptIPV4,0.000050
GptIPV4,0.000050
GptIPV4,0.000050
GptIPV4,0.000050
GptIPV4,0.000053
GptIPV4,0.000050
GptIPV4,0.000051
GperfIPV4,0.000022
GperfIPV4,0.000022
GperfIPV4,0.000022
GperfIPV4,0.000022
GperfIPV4,0.000022
GperfIPV4,0.000022
GperfIPV4,0.000022
GperfIPV4,0.000022
GperfIPV4,0.000022
GperfIPV4,0.000022
