Hash Function,Elapsed Time (seconds)
AbseilHash,0.000048
AbseilHash,0.000045
AbseilHash,0.000045
AbseilHash,0.000045
AbseilHash,0.000045
AbseilHash,0.000045
AbseilHash,0.000045
AbseilHash,0.000045
AbseilHash,0.000045
AbseilHash,0.000045
STDHashSrc,0.000112
STDHashSrc,0.000104
STDHashSrc,0.000104
STDHashSrc,0.000125
STDHashSrc,0.000088
STDHashSrc,0.000088
STDHashSrc,0.000100
STDHashSrc,0.000100
STDHashSrc,0.000088
STDHashSrc,0.000088
FNVHash,0.000101
FNVHash,0.000101
FNVHash,0.000100
FNVHash,0.000101
FNVHash,0.000101
FNVHash,0.000100
FNVHash,0.000101
FNVHash,0.000100
FNVHash,0.000101
FNVHash,0.000101
CityHash,0.000038
CityHash,0.000038
CityHash,0.000038
CityHash,0.000038
CityHash,0.000038
CityHash,0.000038
CityHash,0.000038
CityHash,0.000038
CityHash,0.000038
CityHash,0.000038
PextIPV4,0.000021
PextIPV4,0.000020
PextIPV4,0.000020
PextIPV4,0.000020
PextIPV4,0.000020
PextIPV4,0.000020
PextIPV4,0.000020
PextIPV4,0.000020
PextIPV4,0.000020
PextIPV4,0.000020
OffXorIPV4,0.000019
OffXorIPV4,0.000019
OffXorIPV4,0.000019
OffXorIPV4,0.000019
OffXorIPV4,0.000019
OffXorIPV4,0.000019
OffXorIPV4,0.000019
OffXorIPV4,0.000019
OffXorIPV4,0.000019
OffXorIPV4,0.000019
NaiveIPV4,0.000025
NaiveIPV4,0.000019
NaiveIPV4,0.000019
NaiveIPV4,0.000019
NaiveIPV4,0.000019
NaiveIPV4,0.000019
NaiveIPV4,0.000019
NaiveIPV4,0.000019
NaiveIPV4,0.000019
NaiveIPV4,0.000019
AesIPV4,0.000072
AesIPV4,0.000072
AesIPV4,0.000101
AesIPV4,0.000085
AesIPV4,0.000085
AesIPV4,0.000085
AesIPV4,0.000085
AesIPV4,0.000085
AesIPV4,0.000085
AesIPV4,0.000085
GptIPV4,0.000060
GptIPV4,0.000060
GptIPV4,0.000060
GptIPV4,0.000060
GptIPV4,0.000060
GptIPV4,0.000060
GptIPV4,0.000060
GptIPV4,0.000063
GptIPV4,0.000067
GptIPV4,0.000050
GperfIPV4,0.000022
GperfIPV4,0.000022
GperfIPV4,0.000022
GperfIPV4,0.000022
GperfIPV4,0.000031
GperfIPV4,0.000022
GperfIPV4,0.000022
GperfIPV4,0.000022
GperfIPV4,0.000022
GperfIPV4,0.000022
