Hash Function,Elapsed Time (seconds)
AbseilHash,0.000008
AbseilHash,0.000008
AbseilHash,0.000008
AbseilHash,0.000008
AbseilHash,0.000008
AbseilHash,0.000008
AbseilHash,0.000008
AbseilHash,0.000008
AbseilHash,0.000008
AbseilHash,0.000008
STDHashSrc,0.000017
STDHashSrc,0.000018
STDHashSrc,0.000018
STDHashSrc,0.000018
STDHashSrc,0.000018
STDHashSrc,0.000018
STDHashSrc,0.000018
STDHashSrc,0.000029
STDHashSrc,0.000041
STDHashSrc,0.000021
FNVHash,0.000024
FNVHash,0.000024
FNVHash,0.000024
FNVHash,0.000024
FNVHash,0.000024
FNVHash,0.000024
FNVHash,0.000024
FNVHash,0.000024
FNVHash,0.000024
FNVHash,0.000024
CityHash,0.000009
CityHash,0.000009
CityHash,0.000009
CityHash,0.000009
CityHash,0.000009
CityHash,0.000009
CityHash,0.000009
CityHash,0.000009
CityHash,0.000009
CityHash,0.000009
PextIPV4,0.000005
PextIPV4,0.000005
PextIPV4,0.000005
PextIPV4,0.000005
PextIPV4,0.000005
PextIPV4,0.000005
PextIPV4,0.000005
PextIPV4,0.000005
PextIPV4,0.000005
PextIPV4,0.000005
OffXorIPV4,0.000005
OffXorIPV4,0.000005
OffXorIPV4,0.000005
OffXorIPV4,0.000005
OffXorIPV4,0.000005
OffXorIPV4,0.000005
OffXorIPV4,0.000005
OffXorIPV4,0.000005
OffXorIPV4,0.000005
OffXorIPV4,0.000005
NaiveIPV4,0.000005
NaiveIPV4,0.000005
NaiveIPV4,0.000005
NaiveIPV4,0.000005
NaiveIPV4,0.000005
NaiveIPV4,0.000005
NaiveIPV4,0.000006
NaiveIPV4,0.000005
NaiveIPV4,0.000006
NaiveIPV4,0.000005
AesIPV4,0.000017
AesIPV4,0.000017
AesIPV4,0.000017
AesIPV4,0.000017
AesIPV4,0.000017
AesIPV4,0.000017
AesIPV4,0.000017
AesIPV4,0.000017
AesIPV4,0.000017
AesIPV4,0.000017
GptIPV4,0.000012
GptIPV4,0.000012
GptIPV4,0.000012
GptIPV4,0.000012
GptIPV4,0.000012
GptIPV4,0.000012
GptIPV4,0.000012
GptIPV4,0.000012
GptIPV4,0.000012
GptIPV4,0.000012
GperfIPV4,0.000008
GperfIPV4,0.000005
GperfIPV4,0.000005
GperfIPV4,0.000005
GperfIPV4,0.000005
GperfIPV4,0.000005
GperfIPV4,0.000007
GperfIPV4,0.000007
GperfIPV4,0.000005
GperfIPV4,0.000005
