Hash Function,Elapsed Time (seconds)
AbseilHash,0.000003
AbseilHash,0.000002
AbseilHash,0.000002
AbseilHash,0.000002
AbseilHash,0.000002
AbseilHash,0.000002
AbseilHash,0.000002
AbseilHash,0.000002
AbseilHash,0.000002
AbseilHash,0.000002
STDHashSrc,0.000006
STDHashSrc,0.000005
STDHashSrc,0.000005
STDHashSrc,0.000005
STDHashSrc,0.000005
STDHashSrc,0.000005
STDHashSrc,0.000005
STDHashSrc,0.000006
STDHashSrc,0.000005
STDHashSrc,0.000005
FNVHash,0.000006
FNVHash,0.000006
FNVHash,0.000006
FNVHash,0.000006
FNVHash,0.000006
FNVHash,0.000006
FNVHash,0.000006
FNVHash,0.000006
FNVHash,0.000006
FNVHash,0.000006
CityHash,0.000002
CityHash,0.000002
CityHash,0.000002
CityHash,0.000002
CityHash,0.000002
CityHash,0.000002
CityHash,0.000002
CityHash,0.000003
CityHash,0.000002
CityHash,0.000003
PextIPV4,0.000001
PextIPV4,0.000001
PextIPV4,0.000001
PextIPV4,0.000001
PextIPV4,0.000001
PextIPV4,0.000001
PextIPV4,0.000001
PextIPV4,0.000001
PextIPV4,0.000001
PextIPV4,0.000001
OffXorIPV4,0.000001
OffXorIPV4,0.000001
OffXorIPV4,0.000001
OffXorIPV4,0.000001
OffXorIPV4,0.000001
OffXorIPV4,0.000001
OffXorIPV4,0.000001
OffXorIPV4,0.000001
OffXorIPV4,0.000001
OffXorIPV4,0.000001
NaiveIPV4,0.000002
NaiveIPV4,0.000001
NaiveIPV4,0.000001
NaiveIPV4,0.000001
NaiveIPV4,0.000001
NaiveIPV4,0.000001
NaiveIPV4,0.000001
NaiveIPV4,0.000001
NaiveIPV4,0.000001
NaiveIPV4,0.000001
AesIPV4,0.000004
AesIPV4,0.000004
AesIPV4,0.000004
AesIPV4,0.000004
AesIPV4,0.000004
AesIPV4,0.000004
AesIPV4,0.000004
AesIPV4,0.000004
AesIPV4,0.000004
AesIPV4,0.000004
GptIPV4,0.000003
GptIPV4,0.000003
GptIPV4,0.000003
GptIPV4,0.000003
GptIPV4,0.000003
GptIPV4,0.000003
GptIPV4,0.000003
GptIPV4,0.000003
GptIPV4,0.000003
GptIPV4,0.000003
GperfIPV4,0.000002
GperfIPV4,0.000001
GperfIPV4,0.000001
GperfIPV4,0.000001
GperfIPV4,0.000001
GperfIPV4,0.000001
GperfIPV4,0.000001
GperfIPV4,0.000002
GperfIPV4,0.000002
GperfIPV4,0.000001
