Hash Function,Elapsed Time (seconds)
AbseilHash,0.000315
AbseilHash,0.000322
AbseilHash,0.000263
AbseilHash,0.000263
AbseilHash,0.000263
AbseilHash,0.000263
AbseilHash,0.000263
AbseilHash,0.000263
AbseilHash,0.000264
AbseilHash,0.000263
STDHashSrc,0.000024
STDHashSrc,0.000022
STDHashSrc,0.000022
STDHashSrc,0.000022
STDHashSrc,0.000022
STDHashSrc,0.000022
STDHashSrc,0.000023
STDHashSrc,0.000023
STDHashSrc,0.000022
STDHashSrc,0.000022
FNVHash,0.000063
FNVHash,0.000063
FNVHash,0.000063
FNVHash,0.000063
FNVHash,0.000063
FNVHash,0.000087
FNVHash,0.000075
FNVHash,0.000075
FNVHash,0.000075
FNVHash,0.000075
CityHash,0.000017
CityHash,0.000017
CityHash,0.000017
CityHash,0.000017
CityHash,0.000017
CityHash,0.000017
CityHash,0.000017
CityHash,0.000017
CityHash,0.000017
CityHash,0.000017
PextIPV6,0.000008
PextIPV6,0.000008
PextIPV6,0.000008
PextIPV6,0.000008
PextIPV6,0.000008
PextIPV6,0.000008
PextIPV6,0.000011
PextIPV6,0.000008
PextIPV6,0.000008
PextIPV6,0.000008
OffXorIPV6,0.000006
OffXorIPV6,0.000006
OffXorIPV6,0.000006
OffXorIPV6,0.000006
OffXorIPV6,0.000006
OffXorIPV6,0.000006
OffXorIPV6,0.000006
OffXorIPV6,0.000006
OffXorIPV6,0.000006
OffXorIPV6,0.000006
NaiveIPV6,0.000006
NaiveIPV6,0.000006
NaiveIPV6,0.000006
NaiveIPV6,0.000006
NaiveIPV6,0.000006
NaiveIPV6,0.000006
NaiveIPV6,0.000006
NaiveIPV6,0.000006
NaiveIPV6,0.000006
NaiveIPV6,0.000006
AesIPV6,0.000005
AesIPV6,0.000005
AesIPV6,0.000005
AesIPV6,0.000005
AesIPV6,0.000005
AesIPV6,0.000005
AesIPV6,0.000005
AesIPV6,0.000005
AesIPV6,0.000005
AesIPV6,0.000005
GptIPV6,0.000019
GptIPV6,0.000019
GptIPV6,0.000019
GptIPV6,0.000019
GptIPV6,0.000019
GptIPV6,0.000020
GptIPV6,0.000019
GptIPV6,0.000019
GptIPV6,0.000020
GptIPV6,0.000019
GperfIPV6,0.000006
GperfIPV6,0.000006
GperfIPV6,0.000006
GperfIPV6,0.000006
GperfIPV6,0.000006
GperfIPV6,0.000006
GperfIPV6,0.000006
GperfIPV6,0.000006
GperfIPV6,0.000006
GperfIPV6,0.000006
