Hash Function,Elapsed Time (seconds)
AbseilHash,0.000271
AbseilHash,0.000313
AbseilHash,0.000312
AbseilHash,0.000312
AbseilHash,0.000321
AbseilHash,0.000263
AbseilHash,0.000263
AbseilHash,0.000263
AbseilHash,0.000263
AbseilHash,0.000263
STDHashSrc,0.000025
STDHashSrc,0.000024
STDHashSrc,0.000021
STDHashSrc,0.000021
STDHashSrc,0.000021
STDHashSrc,0.000021
STDHashSrc,0.000021
STDHashSrc,0.000024
STDHashSrc,0.000021
STDHashSrc,0.000021
FNVHash,0.000063
FNVHash,0.000063
FNVHash,0.000063
FNVHash,0.000063
FNVHash,0.000063
FNVHash,0.000063
FNVHash,0.000063
FNVHash,0.000063
FNVHash,0.000063
FNVHash,0.000063
CityHash,0.000014
CityHash,0.000014
CityHash,0.000014
CityHash,0.000014
CityHash,0.000014
CityHash,0.000014
CityHash,0.000014
CityHash,0.000014
CityHash,0.000014
CityHash,0.000014
PextIPV6,0.000007
PextIPV6,0.000007
PextIPV6,0.000007
PextIPV6,0.000007
PextIPV6,0.000007
PextIPV6,0.000007
PextIPV6,0.000007
PextIPV6,0.000007
PextIPV6,0.000007
PextIPV6,0.000007
OffXorIPV6,0.000005
OffXorIPV6,0.000005
OffXorIPV6,0.000005
OffXorIPV6,0.000005
OffXorIPV6,0.000005
OffXorIPV6,0.000005
OffXorIPV6,0.000005
OffXorIPV6,0.000005
OffXorIPV6,0.000005
OffXorIPV6,0.000005
NaiveIPV6,0.000005
NaiveIPV6,0.000005
NaiveIPV6,0.000005
NaiveIPV6,0.000005
NaiveIPV6,0.000005
NaiveIPV6,0.000005
NaiveIPV6,0.000005
NaiveIPV6,0.000005
NaiveIPV6,0.000005
NaiveIPV6,0.000005
AesIPV6,0.000004
AesIPV6,0.000004
AesIPV6,0.000004
AesIPV6,0.000004
AesIPV6,0.000004
AesIPV6,0.000004
AesIPV6,0.000004
AesIPV6,0.000004
AesIPV6,0.000004
AesIPV6,0.000004
GptIPV6,0.000016
GptIPV6,0.000016
GptIPV6,0.000016
GptIPV6,0.000016
GptIPV6,0.000016
GptIPV6,0.000016
GptIPV6,0.000016
GptIPV6,0.000020
GptIPV6,0.000033
GptIPV6,0.000019
GperfIPV6,0.000006
GperfIPV6,0.000006
GperfIPV6,0.000006
GperfIPV6,0.000006
GperfIPV6,0.000006
GperfIPV6,0.000006
GperfIPV6,0.000006
GperfIPV6,0.000006
GperfIPV6,0.000006
GperfIPV6,0.000006
