Hash Function,Elapsed Time (seconds)
AbseilHash,0.000266
AbseilHash,0.000263
AbseilHash,0.000263
AbseilHash,0.000263
AbseilHash,0.000320
AbseilHash,0.000312
AbseilHash,0.000312
AbseilHash,0.000334
AbseilHash,0.000274
AbseilHash,0.000263
STDHashSrc,0.000022
STDHashSrc,0.000021
STDHashSrc,0.000021
STDHashSrc,0.000021
STDHashSrc,0.000021
STDHashSrc,0.000021
STDHashSrc,0.000021
STDHashSrc,0.000021
STDHashSrc,0.000021
STDHashSrc,0.000021
FNVHash,0.000063
FNVHash,0.000063
FNVHash,0.000063
FNVHash,0.000063
FNVHash,0.000063
FNVHash,0.000063
FNVHash,0.000063
FNVHash,0.000063
FNVHash,0.000063
FNVHash,0.000063
CityHash,0.000014
CityHash,0.000014
CityHash,0.000014
CityHash,0.000014
CityHash,0.000014
CityHash,0.000014
CityHash,0.000014
CityHash,0.000014
CityHash,0.000014
CityHash,0.000014
PextIPV6,0.000007
PextIPV6,0.000007
PextIPV6,0.000007
PextIPV6,0.000007
PextIPV6,0.000009
PextIPV6,0.000007
PextIPV6,0.000009
PextIPV6,0.000007
PextIPV6,0.000007
PextIPV6,0.000007
OffXorIPV6,0.000005
OffXorIPV6,0.000005
OffXorIPV6,0.000005
OffXorIPV6,0.000005
OffXorIPV6,0.000005
OffXorIPV6,0.000005
OffXorIPV6,0.000005
OffXorIPV6,0.000005
OffXorIPV6,0.000005
OffXorIPV6,0.000005
NaiveIPV6,0.000005
NaiveIPV6,0.000005
NaiveIPV6,0.000005
NaiveIPV6,0.000005
NaiveIPV6,0.000005
NaiveIPV6,0.000005
NaiveIPV6,0.000005
NaiveIPV6,0.000005
NaiveIPV6,0.000005
NaiveIPV6,0.000005
AesIPV6,0.000004
AesIPV6,0.000004
AesIPV6,0.000004
AesIPV6,0.000004
AesIPV6,0.000004
AesIPV6,0.000004
AesIPV6,0.000004
AesIPV6,0.000004
AesIPV6,0.000004
AesIPV6,0.000004
GptIPV6,0.000016
GptIPV6,0.000016
GptIPV6,0.000016
GptIPV6,0.000016
GptIPV6,0.000016
GptIPV6,0.000016
GptIPV6,0.000016
GptIPV6,0.000016
GptIPV6,0.000017
GptIPV6,0.000017
GperfIPV6,0.000005
GperfIPV6,0.000005
GperfIPV6,0.000005
GperfIPV6,0.000005
GperfIPV6,0.000005
GperfIPV6,0.000005
GperfIPV6,0.000005
GperfIPV6,0.000005
GperfIPV6,0.000005
GperfIPV6,0.000005
