Hash Function,Elapsed Time (seconds)
AbseilHash,0.000009
AbseilHash,0.000009
AbseilHash,0.000009
AbseilHash,0.000009
AbseilHash,0.000009
AbseilHash,0.000009
AbseilHash,0.000009
AbseilHash,0.000009
AbseilHash,0.000009
AbseilHash,0.000009
STDHashSrc,0.000019
STDHashSrc,0.000021
STDHashSrc,0.000021
STDHashSrc,0.000024
STDHashSrc,0.000021
STDHashSrc,0.000024
STDHashSrc,0.000024
STDHashSrc,0.000021
STDHashSrc,0.000021
STDHashSrc,0.000026
FNVHash,0.000024
FNVHash,0.000024
FNVHash,0.000024
FNVHash,0.000024
FNVHash,0.000024
FNVHash,0.000044
FNVHash,0.000020
FNVHash,0.000020
FNVHash,0.000020
FNVHash,0.000020
CityHash,0.000008
CityHash,0.000008
CityHash,0.000008
CityHash,0.000008
CityHash,0.000008
CityHash,0.000008
CityHash,0.000008
CityHash,0.000008
CityHash,0.000008
CityHash,0.000008
PextIPV4,0.000004
PextIPV4,0.000004
PextIPV4,0.000004
PextIPV4,0.000004
PextIPV4,0.000004
PextIPV4,0.000004
PextIPV4,0.000004
PextIPV4,0.000004
PextIPV4,0.000004
PextIPV4,0.000004
OffXorIPV4,0.000004
OffXorIPV4,0.000004
OffXorIPV4,0.000004
OffXorIPV4,0.000004
OffXorIPV4,0.000004
OffXorIPV4,0.000004
OffXorIPV4,0.000004
OffXorIPV4,0.000004
OffXorIPV4,0.000004
OffXorIPV4,0.000004
NaiveIPV4,0.000005
NaiveIPV4,0.000004
NaiveIPV4,0.000004
NaiveIPV4,0.000004
NaiveIPV4,0.000004
NaiveIPV4,0.000004
NaiveIPV4,0.000004
NaiveIPV4,0.000004
NaiveIPV4,0.000004
NaiveIPV4,0.000004
AesIPV4,0.000015
AesIPV4,0.000014
AesIPV4,0.000014
AesIPV4,0.000014
AesIPV4,0.000014
AesIPV4,0.000014
AesIPV4,0.000014
AesIPV4,0.000014
AesIPV4,0.000014
AesIPV4,0.000014
GptIPV4,0.000010
GptIPV4,0.000010
GptIPV4,0.000010
GptIPV4,0.000010
GptIPV4,0.000010
GptIPV4,0.000010
GptIPV4,0.000010
GptIPV4,0.000010
GptIPV4,0.000010
GptIPV4,0.000010
GperfIPV4,0.000005
GperfIPV4,0.000004
GperfIPV4,0.000004
GperfIPV4,0.000004
GperfIPV4,0.000004
GperfIPV4,0.000004
GperfIPV4,0.000004
GperfIPV4,0.000004
GperfIPV4,0.000004
GperfIPV4,0.000004
