Hash Function,Elapsed Time (seconds)
AbseilHash,0.000080
AbseilHash,0.000078
AbseilHash,0.000078
AbseilHash,0.000078
AbseilHash,0.000078
AbseilHash,0.000078
AbseilHash,0.000088
AbseilHash,0.000089
AbseilHash,0.000066
AbseilHash,0.000066
STDHashSrc,0.000006
STDHashSrc,0.000005
STDHashSrc,0.000005
STDHashSrc,0.000005
STDHashSrc,0.000005
STDHashSrc,0.000005
STDHashSrc,0.000005
STDHashSrc,0.000005
STDHashSrc,0.000005
STDHashSrc,0.000005
FNVHash,0.000016
FNVHash,0.000016
FNVHash,0.000016
FNVHash,0.000016
FNVHash,0.000016
FNVHash,0.000016
FNVHash,0.000016
FNVHash,0.000016
FNVHash,0.000016
FNVHash,0.000016
CityHash,0.000004
CityHash,0.000004
CityHash,0.000004
CityHash,0.000004
CityHash,0.000004
CityHash,0.000004
CityHash,0.000004
CityHash,0.000004
CityHash,0.000004
CityHash,0.000004
PextIPV6,0.000002
PextIPV6,0.000002
PextIPV6,0.000002
PextIPV6,0.000002
PextIPV6,0.000002
PextIPV6,0.000002
PextIPV6,0.000002
PextIPV6,0.000002
PextIPV6,0.000002
PextIPV6,0.000002
OffXorIPV6,0.000001
OffXorIPV6,0.000001
OffXorIPV6,0.000001
OffXorIPV6,0.000001
OffXorIPV6,0.000001
OffXorIPV6,0.000001
OffXorIPV6,0.000001
OffXorIPV6,0.000001
OffXorIPV6,0.000001
OffXorIPV6,0.000001
NaiveIPV6,0.000001
NaiveIPV6,0.000001
NaiveIPV6,0.000001
NaiveIPV6,0.000001
NaiveIPV6,0.000001
NaiveIPV6,0.000001
NaiveIPV6,0.000001
NaiveIPV6,0.000001
NaiveIPV6,0.000001
NaiveIPV6,0.000001
AesIPV6,0.000001
AesIPV6,0.000001
AesIPV6,0.000001
AesIPV6,0.000001
AesIPV6,0.000001
AesIPV6,0.000001
AesIPV6,0.000001
AesIPV6,0.000001
AesIPV6,0.000001
AesIPV6,0.000001
GptIPV6,0.000004
GptIPV6,0.000004
GptIPV6,0.000004
GptIPV6,0.000004
GptIPV6,0.000004
GptIPV6,0.000004
GptIPV6,0.000004
GptIPV6,0.000004
GptIPV6,0.000004
GptIPV6,0.000004
GperfIPV6,0.000001
GperfIPV6,0.000001
GperfIPV6,0.000001
GperfIPV6,0.000001
GperfIPV6,0.000001
GperfIPV6,0.000001
GperfIPV6,0.000001
GperfIPV6,0.000001
GperfIPV6,0.000001
GperfIPV6,0.000001
