Hash Function,Elapsed Time (seconds)
AbseilHash,0.000008
AbseilHash,0.000008
AbseilHash,0.000008
AbseilHash,0.000008
AbseilHash,0.000008
AbseilHash,0.000008
AbseilHash,0.000008
AbseilHash,0.000008
AbseilHash,0.000008
AbseilHash,0.000008
STDHashSrc,0.000013
STDHashSrc,0.000013
STDHashSrc,0.000013
STDHashSrc,0.000013
STDHashSrc,0.000013
STDHashSrc,0.000013
STDHashSrc,0.000013
STDHashSrc,0.000012
STDHashSrc,0.000013
STDHashSrc,0.000013
FNVHash,0.000014
FNVHash,0.000014
FNVHash,0.000014
FNVHash,0.000014
FNVHash,0.000014
FNVHash,0.000014
FNVHash,0.000014
FNVHash,0.000014
FNVHash,0.000014
FNVHash,0.000014
CityHash,0.000008
CityHash,0.000008
CityHash,0.000008
CityHash,0.000008
CityHash,0.000008
CityHash,0.000008
CityHash,0.000008
CityHash,0.000008
CityHash,0.000008
CityHash,0.000008
PextSSN,0.000004
PextSSN,0.000004
PextSSN,0.000004
PextSSN,0.000004
PextSSN,0.000004
PextSSN,0.000004
PextSSN,0.000004
PextSSN,0.000004
PextSSN,0.000004
PextSSN,0.000004
OffXorSSN,0.000004
OffXorSSN,0.000004
OffXorSSN,0.000004
OffXorSSN,0.000004
OffXorSSN,0.000004
OffXorSSN,0.000004
OffXorSSN,0.000004
OffXorSSN,0.000004
OffXorSSN,0.000004
OffXorSSN,0.000004
NaiveSSN,0.000004
NaiveSSN,0.000004
NaiveSSN,0.000004
NaiveSSN,0.000004
NaiveSSN,0.000004
NaiveSSN,0.000004
NaiveSSN,0.000004
NaiveSSN,0.000004
NaiveSSN,0.000004
NaiveSSN,0.000004
AesSSN,0.000011
AesSSN,0.000011
AesSSN,0.000011
AesSSN,0.000011
AesSSN,0.000011
AesSSN,0.000011
AesSSN,0.000011
AesSSN,0.000011
AesSSN,0.000011
AesSSN,0.000011
GptSSN,0.000017
GptSSN,0.000017
GptSSN,0.000017
GptSSN,0.000017
GptSSN,0.000017
GptSSN,0.000017
GptSSN,0.000017
GptSSN,0.000017
GptSSN,0.000017
GptSSN,0.000017
GperfSSN,0.000006
GperfSSN,0.000006
GperfSSN,0.000006
GperfSSN,0.000006
GperfSSN,0.000006
GperfSSN,0.000006
GperfSSN,0.000007
GperfSSN,0.000006
GperfSSN,0.000006
GperfSSN,0.000006
