Hash Function,Elapsed Time (seconds)
AbseilHash,0.000446
AbseilHash,0.000456
AbseilHash,0.000456
AbseilHash,0.000408
AbseilHash,0.000384
AbseilHash,0.000384
AbseilHash,0.000384
AbseilHash,0.000384
AbseilHash,0.000384
AbseilHash,0.000384
STDHashSrc,0.000029
STDHashSrc,0.000027
STDHashSrc,0.000033
STDHashSrc,0.000047
STDHashSrc,0.000032
STDHashSrc,0.000032
STDHashSrc,0.000033
STDHashSrc,0.000033
STDHashSrc,0.000033
STDHashSrc,0.000032
FNVHash,0.000149
FNVHash,0.000150
FNVHash,0.000150
FNVHash,0.000150
FNVHash,0.000150
FNVHash,0.000150
FNVHash,0.000155
FNVHash,0.000126
FNVHash,0.000126
FNVHash,0.000127
CityHash,0.000032
CityHash,0.000032
CityHash,0.000032
CityHash,0.000032
CityHash,0.000032
CityHash,0.000032
CityHash,0.000032
CityHash,0.000032
CityHash,0.000032
CityHash,0.000032
PextUrl,0.000005
PextUrl,0.000005
PextUrl,0.000005
PextUrl,0.000005
PextUrl,0.000005
PextUrl,0.000005
PextUrl,0.000005
PextUrl,0.000005
PextUrl,0.000005
PextUrl,0.000005
OffXorUrl,0.000005
OffXorUrl,0.000005
OffXorUrl,0.000005
OffXorUrl,0.000005
OffXorUrl,0.000005
OffXorUrl,0.000005
OffXorUrl,0.000005
OffXorUrl,0.000005
OffXorUrl,0.000005
OffXorUrl,0.000005
NaiveUrl,0.000008
NaiveUrl,0.000007
NaiveUrl,0.000007
NaiveUrl,0.000007
NaiveUrl,0.000008
NaiveUrl,0.000007
NaiveUrl,0.000007
NaiveUrl,0.000007
NaiveUrl,0.000007
NaiveUrl,0.000007
AesUrl,0.000005
AesUrl,0.000005
AesUrl,0.000005
AesUrl,0.000005
AesUrl,0.000005
AesUrl,0.000005
AesUrl,0.000005
AesUrl,0.000005
AesUrl,0.000005
AesUrl,0.000005
GptUrl,0.000038
GptUrl,0.000038
GptUrl,0.000038
GptUrl,0.000038
GptUrl,0.000038
GptUrl,0.000038
GptUrl,0.000038
GptUrl,0.000038
GptUrl,0.000038
GptUrl,0.000039
GperfUrl,0.000007
GperfUrl,0.000006
GperfUrl,0.000006
GperfUrl,0.000006
GperfUrl,0.000006
GperfUrl,0.000006
GperfUrl,0.000006
GperfUrl,0.000006
GperfUrl,0.000006
GperfUrl,0.000006
